{"cameraMode":{"drawMode":0,"name":"Shaded","section":"Shading Mode"},"sceneLighting":false,"audioPlay":false,"sceneViewState":{"m_AlwaysRefresh":false,"showFog":true,"showSkybox":false,"showFlares":true,"showImageEffects":true,"showParticleSystems":true,"showVisualEffectGraphs":true,"m_FxEnabled":true},"in2DMode":false,"pivot":{"x":0.0493009090423584,"y":-0.0010941028594970704,"z":0.013079285621643067},"rotation":{"x":0.10615881532430649,"y":-0.2852778136730194,"z":0.027909768745303155,"w":0.9532917141914368},"size":1.5578490495681763,"orthographic":false}