{"cameraMode":{"drawMode":0,"name":"Shaded","section":"Shading Mode"},"sceneLighting":false,"audioPlay":false,"sceneViewState":{"m_AlwaysRefresh":false,"showFog":true,"showSkybox":false,"showFlares":true,"showImageEffects":true,"showParticleSystems":true,"showVisualEffectGraphs":true,"m_FxEnabled":true},"in2DMode":false,"pivot":{"x":17.927204132080079,"y":-2.8891005516052248,"z":0.09795679897069931},"rotation":{"x":0.07496698945760727,"y":0.6946248412132263,"z":-0.07328642904758454,"w":0.7119773030281067},"size":14.78254508972168,"orthographic":false}