{"cameraMode":{"drawMode":0,"name":"Shaded","section":"Shading Mode"},"sceneLighting":false,"audioPlay":false,"sceneViewState":{"m_AlwaysRefresh":false,"showFog":true,"showSkybox":false,"showFlares":true,"showImageEffects":true,"showParticleSystems":true,"showVisualEffectGraphs":true,"m_FxEnabled":true},"in2DMode":false,"pivot":{"x":-2.4691507816314699,"y":0.4760768711566925,"z":5.335411548614502},"rotation":{"x":-0.06518528610467911,"y":0.10035084187984467,"z":-0.005369918420910835,"w":-0.9932991862297058},"size":1.1466020345687867,"orthographic":false}